name,ch,year,month,daybehzad,:,1383,6,2hanie,:,1380,8,23reza,:,1381,3,13mehrad,:,1380,8,9sara,:,1375,3,18kamran,:,1380,4,11behzad,:,1383,6,2
mohammad,:,1365,4,7
behzad,:,1383,6,2
behzad,:,1383,6,2
behzad,:,1383,6,2
behzad,:,1383,6,2
behzad,:,1383,6,2
behzad,:,1383,6,2
behzad,:,1383,6,2
behzad,:,1383,6,2
behzad,:,1383,6,2
behzad,:,1383,6,2
behzad,:,1383,6,2
behzad,:,1383,6,2
behzad,:,1383,6,2
mohammdhosein,:,1381,7,18
behzad,:,1383,6,2
behzad,:,1383,6,2
behzad,:,1383,6,2
behzad,:,1383,6,2
behzad,:,1383,6,2
behzad,:,1383,6,2
amir,:,1383,6,2
behzad,:,1383,6,2
behzad,:,1383,6,2
behzad,:,1383,6,2
